CategoryTitle,SectionID,SectionTitle
Developer core,5,Bitcoin
Medias,1,Monero
Medias,2,Bsc
Medias,3,Ethereum
Medias,4,Avalanche
Medias,5,Bitcoin
Medias,6,Solana
Block,1,Monero
Block,2,Bsc
Block,3,Ethereum
Block,4,Avalanche
Block,5,Bitcoin
Block,6,Solana
Hash,1,Monero
Hash,2,Bsc
Hash,3,Ethereum
Hash,4,Avalanche
Hash,5,Bitcoin
Hash,6,Solana
Transaction,1,Monero
Transaction,2,Bsc
Transaction,3,Ethereum
Transaction,4,Avalanche
Transaction,5,Bitcoin
Transaction,6,Solana
Security,1,Monero
Security,2,Bsc
Security,3,Ethereum
Security,4,Avalanche
Security,5,Bitcoin
Security,6,Solana
Full node,1,Monero
Full node,2,Bsc
Full node,3,Ethereum
Full node,4,Avalanche
Full node,5,Bitcoin
Full node,6,Solana
Memory pool,1,Monero
Memory pool,2,Bsc
Memory pool,3,Ethereum
Memory pool,4,Avalanche
Memory pool,5,Bitcoin
Memory pool,6,Solana
Memory pool,7,Starknet
Memory pool,8,Arbtitrum
Memory pool,9,Optimism
Memory pool,10,Zksync
Memory pool,11,Metis
Memory pool,12,Base
Memory pool,22,Mantle
Memory pool,23,Scroll
Memory pool,24,Linea
Memory pool,25,Near
Memory pool,26,Celestia
Memory pool,27,Avail
Memory pool,28,Covalent
Mining,1,Monero
Mining,5,Bitcoin
Hard fork,1,Monero
Hard fork,2,Bsc
Hard fork,3,Ethereum
Hard fork,4,Avalanche
Hard fork,5,Bitcoin
Hard fork,6,Solana
Hard fork,7,Starknet
Hard fork,8,Arbtitrum
Hard fork,9,Optimism
Hard fork,10,Zksync
Hard fork,11,Metis
Hard fork,12,Base
Hard fork,22,Mantle
Hard fork,23,Scroll
Hard fork,24,Linea
Hard fork,25,Near
Hard fork,26,Celestia
Hard fork,27,Avail
Hard fork,28,Covalent
Soft fork,1,Monero
Soft fork,2,Bsc
Soft fork,3,Ethereum
Soft fork,4,Avalanche
Soft fork,5,Bitcoin
Soft fork,6,Solana
Soft fork,7,Starknet
Soft fork,8,Arbtitrum
Soft fork,9,Optimism
Soft fork,10,Zksync
Soft fork,11,Metis
Soft fork,12,Base
Soft fork,22,Mantle
Soft fork,23,Scroll
Soft fork,24,Linea
Soft fork,25,Near
Soft fork,26,Celestia
Soft fork,27,Avail
Soft fork,28,Covalent
Keys,1,Monero
Keys,2,Bsc
Keys,3,Ethereum
Keys,4,Avalanche
Keys,5,Bitcoin
Keys,6,Solana
Keys,7,Starknet
Keys,8,Arbtitrum
Keys,9,Optimism
Keys,10,Zksync
Keys,11,Metis
Keys,12,Base
Keys,22,Mantle
Keys,23,Scroll
Keys,24,Linea
Keys,25,Near
Keys,26,Celestia
Keys,27,Avail
Keys,28,Covalent
Merkle root,1,Monero
Merkle root,2,Bsc
Merkle root,3,Ethereum
Merkle root,4,Avalanche
Merkle root,5,Bitcoin
Merkle root,6,Solana
Merkle root,7,Starknet
Merkle root,8,Arbtitrum
Merkle root,9,Optimism
Merkle root,10,Zksync
Merkle root,11,Metis
Merkle root,12,Base
Merkle root,22,Mantle
Merkle root,23,Scroll
Merkle root,24,Linea
Merkle root,25,Near
Merkle root,26,Celestia
Merkle root,27,Avail
Merkle root,28,Covalent
Fee,1,Monero
Fee,2,Bsc
Fee,3,Ethereum
Fee,4,Avalanche
Fee,5,Bitcoin
Fee,6,Solana
Fee,7,Starknet
Fee,8,Arbtitrum
Fee,9,Optimism
Fee,10,Zksync
Fee,11,Metis
Fee,12,Base
Fee,22,Mantle
Fee,23,Scroll
Fee,24,Linea
Fee,25,Near
Fee,26,Celestia
Fee,27,Avail
Fee,28,Covalent
51% attack,1,Monero
51% attack,2,Bsc
51% attack,3,Ethereum
51% attack,4,Avalanche
51% attack,5,Bitcoin
51% attack,6,Solana
51% attack,7,Starknet
51% attack,8,Arbtitrum
51% attack,9,Optimism
51% attack,10,Zksync
51% attack,11,Metis
51% attack,12,Base
51% attack,22,Mantle
51% attack,23,Scroll
51% attack,24,Linea
51% attack,25,Near
51% attack,26,Celestia
51% attack,27,Avail
51% attack,28,Covalent
Light node,1,Monero
Light node,2,Bsc
Light node,3,Ethereum
Light node,4,Avalanche
Light node,5,Bitcoin
Light node,6,Solana
Light node,7,Starknet
Light node,8,Arbtitrum
Light node,9,Optimism
Light node,10,Zksync
Light node,11,Metis
Light node,12,Base
Light node,22,Mantle
Light node,23,Scroll
Light node,24,Linea
Light node,25,Near
Light node,26,Celestia
Light node,27,Avail
Light node,28,Covalent
Vitalik article,3,Ethereum
MEV,2,Bsc
MEV,3,Ethereum
MEV,4,Avalanche
MEV,5,Bitcoin
MEV,6,Solana
MEV,7,Starknet
MEV,8,Arbtitrum
MEV,9,Optimism
MEV,10,Zksync
MEV,11,Metis
MEV,12,Base
MEV,22,Mantle
MEV,23,Scroll
MEV,24,Linea
MEV,25,Near
MEV,26,Celestia
MEV,27,Avail
MEV,28,Covalent
EOA,2,Bsc
EOA,3,Ethereum
EOA,4,Avalanche
EOA,6,Solana
EOA,7,Starknet
EOA,8,Arbtitrum
EOA,9,Optimism
EOA,10,Zksync
EOA,11,Metis
EOA,12,Base
EOA,22,Mantle
EOA,23,Scroll
EOA,24,Linea
EOA,25,Near
EOA,26,Celestia
EOA,27,Avail
EOA,28,Covalent
EOA,30,Solidity
EOA,31,Rust
Smart contract,2,Bsc
Smart contract,3,Ethereum
Smart contract,4,Avalanche
Smart contract,6,Solana
Smart contract,7,Starknet
Smart contract,8,Arbtitrum
Smart contract,9,Optimism
Smart contract,10,Zksync
Smart contract,11,Metis
Smart contract,12,Base
Smart contract,22,Mantle
Smart contract,23,Scroll
Smart contract,24,Linea
Smart contract,25,Near
Smart contract,26,Celestia
Smart contract,27,Avail
Smart contract,28,Covalent
Smart contract,30,Solidity
Smart contract,31,Rust
EVM,3,Ethereum
Data availability,1,Monero
Data availability,2,Bsc
Data availability,3,Ethereum
Data availability,4,Avalanche
Data availability,5,Bitcoin
Data availability,6,Solana
Data availability,7,Starknet
Data availability,8,Arbtitrum
Data availability,9,Optimism
Data availability,10,Zksync
Data availability,11,Metis
Data availability,12,Base
Data availability,22,Mantle
Data availability,23,Scroll
Data availability,24,Linea
Data availability,25,Near
Data availability,26,Celestia
Data availability,27,Avail
Data availability,28,Covalent
Data availability,30,Solidity
EIP,3,Ethereum
Keccak-256,3,Ethereum
Proof-of-work,5,Bitcoin
Proof-of-stake,3,Ethereum
Gas fees,3,Ethereum
Liquid staking,1,Monero
Liquid staking,2,Bsc
Liquid staking,3,Ethereum
Liquid staking,4,Avalanche
Liquid staking,5,Bitcoin
Liquid staking,6,Solana
Zero knowledge,3,Ethereum
Zero knowledge,5,Bitcoin
Zero knowledge,7,Starknet
Zero knowledge,10,Zksync
Zero knowledge,11,Metis
Zero knowledge,23,Scroll
Layer 2,3,Ethereum
Layer 2,5,Bitcoin
Projects,1,Monero
Projects,2,Bsc
Projects,3,Ethereum
Projects,4,Avalanche
Projects,5,Bitcoin
Projects,6,Solana
Projects,7,Starknet
Projects,8,Arbtitrum
Projects,9,Optimism
Projects,10,Zksync
Projects,11,Metis
Projects,12,Base
Projects,13,Liquid staking
Projects,14,Lending
Projects,15,Bridge
Projects,16,Dexes
Projects,17,Restacking
Projects,19,CDP
Projects,20,RWA
Projects,21,Derivatives
Projects,22,Mantle
Projects,23,Scroll
Projects,24,Linea
Projects,25,Near
Projects,26,Celestia
Projects,27,Avail
Projects,28,Covalent
Projects,18,Liquid restaking
Projects,30,Solidity
Projects,31,Rust
Projects,32,Javascript
Projects,33,Move
Projects,35,Chainlink
Projects,36,Pyth network
Projects,37,UMA
Projects,38,Tellor tributes
Projects,39,API3
Projects,40,Fuel